Abilene, TX, https://www.hoamanagement.com/city/abilene-hoa-management/
Akron, OH, https://www.hoamanagement.com/city/akron/
Albany, GA, https://www.hoamanagement.com/city/albany-ga-hoa-management/
Albany, NY, https://www.hoamanagement.com/city/albany-ny-hoa-management/
Albuquerque, NM, https://www.hoamanagement.com/city/albuquerque/
Alexandria, LA, https://www.hoamanagement.com/city/alexandria-hoa-management/
Alexandria, VA, https://www.hoamanagement.com/city/alexandria/
Alhambra, CA, https://www.hoamanagement.com/city/alhambra-hoa-management/
Aliso Viejo, CA, https://www.hoamanagement.com/city/aliso-viejo-hoa-management/
Allen, TX, https://www.hoamanagement.com/city/allen/
Allentown, PA, https://www.hoamanagement.com/city/allentown/
Alpharetta, GA, https://www.hoamanagement.com/city/alpharetta/
Altamonte Springs, FL, https://www.hoamanagement.com/city/altamonte-springs-hoa-management/
Altoona, PA, https://www.hoamanagement.com/city/altoona-hoa-management/
Amarillo, TX, https://www.hoamanagement.com/city/amarillo/
Anaheim, CA, https://www.hoamanagement.com/city/anaheim-hoa-management/
Anchorage, AK, https://www.hoamanagement.com/city/anchorage/
Anderson, SC, https://www.hoamanagement.com/city/anderson-sc/
Ann Arbor, MI, https://www.hoamanagement.com/city/ann-arbor/
Annapolis, MD, https://www.hoamanagement.com/city/annapolis-hoa-management/
Antioch, CA, https://www.hoamanagement.com/city/antioch/
Apache Junction, AZ, https://www.hoamanagement.com/city/apache-junction-hoa-management/
Apple Valley, MN, https://www.hoamanagement.com/city/apple-valley-hoa-management/
Appleton, WI, https://www.hoamanagement.com/city/appleton-hoa-management/
Arlington, TX, https://www.hoamanagement.com/city/arlington/
Arlington, VA, https://www.hoamanagement.com/city/arlington-va/
Arvada, CO, https://www.hoamanagement.com/city/arvada/
Asheville, NC, https://www.hoamanagement.com/city/asheville-hoa-management/
Aspen, CO, https://www.hoamanagement.com/city/aspen/
Athens, GA, https://www.hoamanagement.com/city/athens/
Atlanta, GA, https://www.hoamanagement.com/city/atlanta/
Atlantic City, NJ, https://www.hoamanagement.com/city/atlantic-city-hoa-management/
Auburn, AL, https://www.hoamanagement.com/city/auburn-al-hoa-management/
Auburn, NY, https://www.hoamanagement.com/city/auburn-ny-hoa-management/
Audubon, IA, https://www.hoamanagement.com/city/audubon-hoa-management/
Augusta, GA, https://www.hoamanagement.com/city/augusta/
Aurora, CO, https://www.hoamanagement.com/city/aurora/
Aurora, IL, https://www.hoamanagement.com/city/aurora-il/
Austin, TX, https://www.hoamanagement.com/city/austin/
Bakersfield, CA, https://www.hoamanagement.com/city/bakersfield/
Baltimore, MD, https://www.hoamanagement.com/city/baltimore/
Baton Rouge, LA, https://www.hoamanagement.com/city/baton-rouge/
Battle Creek, MI, https://www.hoamanagement.com/city/battle-creek-hoa-management/
Baytown, TX, https://www.hoamanagement.com/city/baytown-hoa-management/
Beaumont, TX, https://www.hoamanagement.com/city/beaumont/
Beavercreek, OH, https://www.hoamanagement.com/city/beavercreek-hoa-management/
Beaverton, OR, https://www.hoamanagement.com/city/beaverton-hoa-management/
Bedford, TX, https://www.hoamanagement.com/city/bedford-hoa-management/
Bellevue, WA, https://www.hoamanagement.com/city/bellevue/
Bellingham, WA, https://www.hoamanagement.com/city/bellingham-hoa-management/
Bend, OR, https://www.hoamanagement.com/city/bend-hoa-management/
Berkeley, CA, https://www.hoamanagement.com/city/berkeley/
Bernards Township, NJ, https://www.hoamanagement.com/city/bernards-township/
Bernards Township, NJ, https://www.hoamanagement.com/city/bernards-township-hoa-management/
Bethany Beach, DE, https://www.hoamanagement.com/city/bethany-beach-hoa-management/
Bethesda, MD, https://www.hoamanagement.com/city/bethesda-hoa-management/
Bethlehem, PA, https://www.hoamanagement.com/city/bethlehem-hoa-management/
Billings, MT, https://www.hoamanagement.com/city/billings/
Binghamton, NY, https://www.hoamanagement.com/city/binghamton-hoa-management/
Birmingham, AL, https://www.hoamanagement.com/city/birmingham/
Bismarck, ND, https://www.hoamanagement.com/city/bismarck-hoa-management/
Blacklick, OH, https://www.hoamanagement.com/city/blacklick-hoa-management/
Blacksburg, VA, https://www.hoamanagement.com/city/blacksburg-hoa-management/
Bloomington, IN, https://www.hoamanagement.com/city/bloomington-in-hoa-management/
Bloomington, MN, https://www.hoamanagement.com/city/bloomington-mn-hoa-management/
Blowing Rock, NC, https://www.hoamanagement.com/city/blowing-rock-hoa-management/
Boca Raton, FL, https://www.hoamanagement.com/city/boca-raton/
Boise, ID, https://www.hoamanagement.com/city/boise/
Bonita Springs, FL, https://www.hoamanagement.com/city/bonita-springs-hoa-management/
Boone, NC, https://www.hoamanagement.com/city/boone-hoa-management/
Boston, MA, https://www.hoamanagement.com/city/boston/
Boulder, CO, https://www.hoamanagement.com/city/boulder/
Bowling Green, KY, https://www.hoamanagement.com/city/bowling-green-hoa-management/
Bozeman, MT, https://www.hoamanagement.com/city/bozeman-hoa-management/
Bradenton, FL, https://www.hoamanagement.com/city/bradenton-hoa-management/
Brandon, FL, https://www.hoamanagement.com/city/brandon-hoa-management/
Breckenridge, CO, https://www.hoamanagement.com/city/breckenridge/
Brentwood, CA, https://www.hoamanagement.com/city/brentwood-hoa-management/
Bridgeport, CT, https://www.hoamanagement.com/city/bridgeport/
Bridgeview, IL, https://www.hoamanagement.com/city/bridgeview-hoa-management/
Brighton, MI, https://www.hoamanagement.com/city/brighton-hoa-management/
Brockton, MA, https://www.hoamanagement.com/city/brockton-hoa-management/
Broken Arrow, OK, https://www.hoamanagement.com/city/broken-arrow/
Brookhaven, NY, https://www.hoamanagement.com/city/brookhaven-hoa-management/
Brooklyn Park, MN, https://www.hoamanagement.com/city/brooklyn-park-hoa-management/
Brooklyn, NY, https://www.hoamanagement.com/city/brooklyn-hoa-management/
Brownsville, TX, https://www.hoamanagement.com/city/brownsville/
Buckeye, AZ, https://www.hoamanagement.com/city/buckeye-hoa-management/
Buena Park, CA, https://www.hoamanagement.com/city/buena-park-hoa-management/
Buffalo, NY, https://www.hoamanagement.com/city/buffalo/
Buford, GA, https://www.hoamanagement.com/city/buford-hoa-management/
Bullhead City, AZ, https://www.hoamanagement.com/city/bullhead-city-hoa-management/
Burbank, CA, https://www.hoamanagement.com/city/burbank/
Burlington, VT, https://www.hoamanagement.com/city/burlington/
Burnsville, MN, https://www.hoamanagement.com/city/burnsville-hoa-management/
Caldwell, ID, https://www.hoamanagement.com/city/caldwell-hoa-management/
Cambridge, MA, https://www.hoamanagement.com/city/cambridge/
Cambridge, MD, https://www.hoamanagement.com/city/cambridge-hoa-management/
Canton, OH, https://www.hoamanagement.com/city/canton-hoa-management/
Canyon Lake, CA, https://www.hoamanagement.com/city/canyon-lake-hoa-management/
Cape Coral, FL, https://www.hoamanagement.com/city/cape-coral/
Carlsbad, CA, https://www.hoamanagement.com/city/carlsbad/
Carmel, IN, https://www.hoamanagement.com/city/carmel-hoa-management/
Carrolton, TX, https://www.hoamanagement.com/city/carrolton/
Carson City, NV, https://www.hoamanagement.com/city/carson-city-hoa-management/
Cary, NC, https://www.hoamanagement.com/city/cary/
Casper, WY, https://www.hoamanagement.com/city/casper-hoa-management/
Castle Rock, CO, https://www.hoamanagement.com/city/castle-rock/
Cedar Park, TX, https://www.hoamanagement.com/city/cedar-park-hoa-management/
Cedar Rapids, IA, https://www.hoamanagement.com/city/cedar-rapids/
Centennial, CO, https://www.hoamanagement.com/city/centennial/
Chadds Ford, PA, https://www.hoamanagement.com/city/chadds-ford-hoa-management/
Champaign, IL, https://www.hoamanagement.com/city/champaign-hoa-management/
Chandler Heights, AZ, https://www.hoamanagement.com/city/chandler-heights-hoa-management/
Chandler, AZ, https://www.hoamanagement.com/city/chandler/
Chantilly, VA, https://www.hoamanagement.com/city/chantilly-hoa-management/
Charles Town, WV, https://www.hoamanagement.com/city/charles-town-hoa-management/
Charleston, SC, https://www.hoamanagement.com/city/charleston/
Charleston, WV, https://www.hoamanagement.com/city/charleston-hoa-management/
Charlotte, NC, https://www.hoamanagement.com/city/charlotte/
Charlottesville, VA, https://www.hoamanagement.com/city/charlottesville-hoa-management/
Chattanooga, TN, https://www.hoamanagement.com/city/chattanooga/
Chesapeake, VA, https://www.hoamanagement.com/city/chesapeake-va/
Chester, NJ, https://www.hoamanagement.com/city/chester-hoa-management/
Cheyenne, WY, https://www.hoamanagement.com/city/cheyenne/
Chicago, IL, https://www.hoamanagement.com/city/chicago/
Chico, CA, https://www.hoamanagement.com/city/chico-hoa-management/
Chula Vista, CA, https://www.hoamanagement.com/city/chula-vista/
Cincinnati, OH, https://www.hoamanagement.com/city/cincinnati/
Citrus Heights, CA, https://www.hoamanagement.com/city/citrus-heights-hoa-management/
Clarksville, TN, https://www.hoamanagement.com/city/clarksville/
Clearwater, FL, https://www.hoamanagement.com/city/clearwater/
Cleveland, OH, https://www.hoamanagement.com/city/cleveland/
Cleveland, TN, https://www.hoamanagement.com/city/cleveland-hoa-management/
Clifton, NJ, https://www.hoamanagement.com/city/clifton-hoa-management/
Clinton, MI, https://www.hoamanagement.com/city/clinton/
Clovis, CA, https://www.hoamanagement.com/city/clovis/
Cocoa Beach, FL, https://www.hoamanagement.com/city/cocoa-beach-hoa-management/
Coeur d’Alene, ID, https://www.hoamanagement.com/city/coeur-dalene-hoa-management/
College Grove, TN, https://www.hoamanagement.com/city/college-grove-hoa-management/
College Station, TX, https://www.hoamanagement.com/city/college-station/
Colorado Springs, CO, https://www.hoamanagement.com/city/colorado-springs/
Columbia, MD, https://www.hoamanagement.com/city/columbia-md-management/
Columbia, MO, https://www.hoamanagement.com/city/columbia-hoa-management/
Columbia, SC, https://www.hoamanagement.com/city/columbia/
Columbus, GA, https://www.hoamanagement.com/city/columbus-ga/
Columbus, OH, https://www.hoamanagement.com/city/columbus/
Concord, CA, https://www.hoamanagement.com/city/concord/
Conroe, TX, https://www.hoamanagement.com/city/conroe-hoa-management/
Conway, AR, https://www.hoamanagement.com/city/conway-hoa-management/
Coral Springs, FL, https://www.hoamanagement.com/city/coral-springs/
Corona, CA, https://www.hoamanagement.com/city/corona/
Corpus Christi, TX, https://www.hoamanagement.com/city/corpus-christi/
Costa Mesa, CA, https://www.hoamanagement.com/city/costa-mesa/
Covina, CA, https://www.hoamanagement.com/city/covina-hoa-management/
Covington, KY, https://www.hoamanagement.com/city/covington-hoa-management/
Crafton, PA, https://www.hoamanagement.com/city/crafton-hoa-management/
Cranston, RI, https://www.hoamanagement.com/city/cranston-hoa-management/
Dallas, TX, https://www.hoamanagement.com/city/dallas/
Daly City, CA, https://www.hoamanagement.com/city/daly-city/
Dana Point, CA, https://www.hoamanagement.com/city/dana-point-hoa-management/
Danbury, CT, https://www.hoamanagement.com/city/danbury-hoa-management/
Danville, VA, https://www.hoamanagement.com/city/danville-hoa-management/
Davenport, FL, https://www.hoamanagement.com/city/davenport-hoa-management/
Davenport, IA, https://www.hoamanagement.com/city/davenport/
Davidson, NC, https://www.hoamanagement.com/city/davidson-hoa-management/
Davie, FL, https://www.hoamanagement.com/city/davie/
Dayton, OH, https://www.hoamanagement.com/city/dayton/
Daytona Beach, FL, https://www.hoamanagement.com/city/daytona-beach-hoa-management/
Del Mar, CA, https://www.hoamanagement.com/city/del-mar-hoa-management/
Denton, TX, https://www.hoamanagement.com/city/denton/
Denver, CO, https://www.hoamanagement.com/city/denver/
Derry, NH, https://www.hoamanagement.com/city/derry-hoa-management/
Des Moines, IA, https://www.hoamanagement.com/city/des-moines/
Detroit, MI, https://www.hoamanagement.com/city/detroit/
Dothan, AL, https://www.hoamanagement.com/city/dothan-hoa-management/
Dover, DE, https://www.hoamanagement.com/city/dover-hoa-management/
Downey, CA, https://www.hoamanagement.com/city/downey/
Downs, KS, https://www.hoamanagement.com/city/downs-hoa-management/
Dublin, OH, https://www.hoamanagement.com/city/dublin-hoa-management/
Dulles, VA, https://www.hoamanagement.com/city/dulles-hoa-management/
Duluth, MN, https://www.hoamanagement.com/city/duluth-hoa-management/
Dumfries, VA, https://www.hoamanagement.com/city/dumfries-hoa-management/
Durham, NC, https://www.hoamanagement.com/city/durham/
East Hampton, NY, https://www.hoamanagement.com/city/east-hampton/
East Lansing, MI, https://www.hoamanagement.com/city/east-lansing-hoa-management/
Eau Claire, WI, https://www.hoamanagement.com/city/eau-claire-hoa-management/
Eden Prairie, MN, https://www.hoamanagement.com/city/eden-prairie-hoa-management/
Edinburg, TX, https://www.hoamanagement.com/city/edinburg-hoa-management/
Edison, NJ, https://www.hoamanagement.com/city/edison/
Edmond, OK, https://www.hoamanagement.com/city/edmond-hoa-management/
Edmonds, WA, https://www.hoamanagement.com/city/edmonds-hoa-management/
El Cajon, CA, https://www.hoamanagement.com/city/el-cajon/
El Monte, CA, https://www.hoamanagement.com/city/el-monte/
El Paso, TX, https://www.hoamanagement.com/city/el-paso/
Eldersburg, MD, https://www.hoamanagement.com/city/eldersburg-hoa-management/
Elgin, IL, https://www.hoamanagement.com/city/elgin/
Elizabeth, NJ, https://www.hoamanagement.com/city/elizabeth/
Elk Grove Village, IL, https://www.hoamanagement.com/city/elk-grove-village-hoa-management/
Elk Grove, CA, https://www.hoamanagement.com/city/elk-grove/
Elyria, OH, https://www.hoamanagement.com/city/elyria-hoa-management/
Englewood, CO, https://www.hoamanagement.com/city/englewood-hoa-management/
Enid, OK, https://www.hoamanagement.com/city/enid-hoa-management/
Erie, PA, https://www.hoamanagement.com/city/erie-hoa-management/
Escondido, CA, https://www.hoamanagement.com/city/escondido-hoa-management/
Escondido, CA, https://www.hoamanagement.com/city/escondido-ca/
Estero, FL, https://www.hoamanagement.com/city/estero-hoa-management/
Eugene, OR, https://www.hoamanagement.com/city/eugene-or/
Eunice, LA, https://www.hoamanagement.com/city/eunice-hoa-management/
Evansville, IN, https://www.hoamanagement.com/city/evansville/
Everett, WA, https://www.hoamanagement.com/city/everett/
Exeter, NH, https://www.hoamanagement.com/city/exeter-hoa-management/
Fairfax, VA, https://www.hoamanagement.com/city/fairfax-hoa-management/
Fairfield, CA, https://www.hoamanagement.com/city/fairfield/
Fall River, MA, https://www.hoamanagement.com/city/fall-river-hoa-management/
Falls Church, VA, https://www.hoamanagement.com/city/falls-church-hoa-management/
Fargo, ND, https://www.hoamanagement.com/city/fargo/
Farmers Branch, TX, https://www.hoamanagement.com/city/farmers-branch-hoa-management/
Farmington, NM, https://www.hoamanagement.com/city/farmington-hoa-management/
Fayetteville, AR, https://www.hoamanagement.com/city/fayetteville-hoa-management/
Fayetteville, NC, https://www.hoamanagement.com/city/fayetteville-nc/
Federal Way, WA, https://www.hoamanagement.com/city/federal-way-hoa-management/
Fernandina Beach, FL, https://www.hoamanagement.com/city/fernandina-beach-hoa-management/
Flagler Beach, FL, https://www.hoamanagement.com/city/flagler-beach-hoa-management/
Flagstaff, AZ, https://www.hoamanagement.com/city/flagstaff-hoa-management/
Flint City, MI, https://www.hoamanagement.com/city/flint-city-hoa-management/
Florence, AL, https://www.hoamanagement.com/city/florence-al-hoa-management/
Florence, AZ, https://www.hoamanagement.com/city/florence-hoa-management/
Florence, SC, https://www.hoamanagement.com/city/florence-sc-hoa-management/
Flower Mound, TX, https://www.hoamanagement.com/city/flower-mound-hoa-management/
Folsom, CA, https://www.hoamanagement.com/city/folsom-hoa-management/
Fond du Lac, WI, https://www.hoamanagement.com/city/fond-du-lac-hoa-management/
Fontana, CA, https://www.hoamanagement.com/city/fontana-ca/
Foothill Ranch, CA, https://www.hoamanagement.com/city/foothill-ranch-hoa-management/
Fort Collins, CO, https://www.hoamanagement.com/city/fort-collins/
Fort Lauderdale, FL, https://www.hoamanagement.com/city/fort-lauderdale/
Fort Myers, FL, https://www.hoamanagement.com/city/fort-myers/
Fort Smith, AR, https://www.hoamanagement.com/city/fort-smith-hoa-management/
Fort Wayne, IN, https://www.hoamanagement.com/city/fort-wayne/
Fort Worth, TX, https://www.hoamanagement.com/city/fort-worth/
Fountainville, PA, https://www.hoamanagement.com/city/fountainville-hoa-management/
Foxboro, MA, https://www.hoamanagement.com/city/foxboro-hoa-management/
Framingham, MA, https://www.hoamanagement.com/city/framingham-hoa-management/
Frederick, MD, https://www.hoamanagement.com/city/frederick-hoa-management/
Fredericksburg, VA, https://www.hoamanagement.com/city/fredericksburg-hoa-management/
Fremont, CA, https://www.hoamanagement.com/city/fremont-ca/
Fresno, CA, https://www.hoamanagement.com/city/fresno/
Frisco, TX, https://www.hoamanagement.com/city/frisco/
Fullerton, CA, https://www.hoamanagement.com/city/fullerton/
Furlong, PA, https://www.hoamanagement.com/city/furlong-hoa-management/
Gainesville, FL, https://www.hoamanagement.com/city/gainesville/
Gaithersburg, MD, https://www.hoamanagement.com/city/gaithersburg-hoa-management/
Galveston, TX, https://www.hoamanagement.com/city/galveston-hoa-management/
Garden Grove, CA, https://www.hoamanagement.com/city/garden-grove/
Gardena, CA, https://www.hoamanagement.com/city/gardena-hoa-management/
Garland, TX, https://www.hoamanagement.com/city/garland/
Gary, IN, https://www.hoamanagement.com/city/gary-hoa-management/
Georgetown, TX, https://www.hoamanagement.com/city/georgetown-hoa-management/
Germantown, MD, https://www.hoamanagement.com/city/germantown-md-hoa-management/
Germantown, TN, https://www.hoamanagement.com/city/germantown-tn-hoa-management/
Gilbert, AZ, https://www.hoamanagement.com/city/gilbert-az/
Gilford, NH, https://www.hoamanagement.com/city/gilford-hoa-management/
Glen Burnie, MD, https://www.hoamanagement.com/city/glen-burnie-hoa-management/
Glen Mills, PA, https://www.hoamanagement.com/city/glen-mills-hoa-management/
Glendale, AZ, https://www.hoamanagement.com/city/glendale-az/
Glendale, CA, https://www.hoamanagement.com/city/glendale-ca/
Gold Canyon, AZ, https://www.hoamanagement.com/city/gold-canyon-hoa-management/
Grand Forks, ND, https://www.hoamanagement.com/city/grand-forks-hoa-management/
Grand Island, NE, https://www.hoamanagement.com/city/grand-island-hoa-management/
Grand Junction, CO, https://www.hoamanagement.com/city/grand-junction-hoa-management/
Grand Prairie, TX, https://www.hoamanagement.com/city/grand-prairie/
Grand Rapids, MI, https://www.hoamanagement.com/city/grand-rapids-mi/
Grapevine, TX, https://www.hoamanagement.com/city/grapevine-hoa-management/
Great Falls, MT, https://www.hoamanagement.com/city/great-falls-hoa-management/
Greeley, CO, https://www.hoamanagement.com/city/greeley/
Green Bay, WI, https://www.hoamanagement.com/city/green-bay/
Greenbelt, MD, https://www.hoamanagement.com/city/greenbelt-hoa-management/
Greenfield, MA, https://www.hoamanagement.com/city/greenfield-hoa-management/
Greensboro, NC, https://www.hoamanagement.com/city/greensboro/
Greenville, NC, https://www.hoamanagement.com/city/greenville-nc-hoa-management/
Greenville, SC, https://www.hoamanagement.com/city/greenville-sc-hoa-management-companies/
Greenville, SC, https://www.hoamanagement.com/city/greenville-sc-hoa-management/
Greenwood Village, CO, https://www.hoamanagement.com/city/greenwood-village-hoa-management/
Greenwood, SC, https://www.hoamanagement.com/city/greenwood-hoa-management/
Gresham, OR, https://www.hoamanagement.com/city/gresham/
Groveland, FL, https://www.hoamanagement.com/city/groveland-hoa-management/
Gulfport, MS, https://www.hoamanagement.com/city/gulfport-hoa-management/
Hagerstown, MD, https://www.hoamanagement.com/city/hagerstown-hoa-management/
Hamilton Township, NJ, https://www.hoamanagement.com/city/hamilton-township-hoa-management/
Hampton, VA, https://www.hoamanagement.com/city/hampton/
Hanover, NH, https://www.hoamanagement.com/city/hanover-hoa-management/
Hardeeville, SC, https://www.hoamanagement.com/city/hardeeville-hoa-management/
Harlingen, TX, https://www.hoamanagement.com/city/harlingen-hoa-management/
Harrisburg, PA, https://www.hoamanagement.com/city/harrisburg-hoa-management/
Harrisonburg, VA, https://www.hoamanagement.com/city/harrisonburg-hoa-management/
Hartford, CT, https://www.hoamanagement.com/city/hartford-ct/
Hatboro, PA, https://www.hoamanagement.com/city/hatboro-hoa-management/
Hattiesburg, MS, https://www.hoamanagement.com/city/hattiesburg-hoa-management/
Haverhill, MA, https://www.hoamanagement.com/city/haverhill-hoa-management/
Havre de Grace, MD, https://www.hoamanagement.com/city/havre-de-grace-hoa-management/
Hayward, CA, https://www.hoamanagement.com/city/hayward/
Hempstead, NY, https://www.hoamanagement.com/city/hempstead-hoa-management/
Henderson, NV, https://www.hoamanagement.com/city/henderson/
Hendersonville, NC, https://www.hoamanagement.com/city/hendersonville-hoa-management/
Hialeah, FL, https://www.hoamanagement.com/city/hialeah/
Hickory, NC, https://www.hoamanagement.com/city/hickory-hoa-management/
High Point, NC, https://www.hoamanagement.com/city/high-point/
Hillburn, NY, https://www.hoamanagement.com/city/hillburn-hoa-management/
Hillsboro, OR, https://www.hoamanagement.com/city/hillsboro/
Hilo, HI, https://www.hoamanagement.com/city/hilo-hoa-management/
Hilton Head Island, SC, https://www.hoamanagement.com/city/hilton-head-island-hoa-management/
Hobbs, NM, https://www.hoamanagement.com/city/hobbs-hoa-management/
Hoffman Estates, IL, https://www.hoamanagement.com/city/hoffman-estates-hoa-management/
Hollywood, FL, https://www.hoamanagement.com/city/hollywood/
Homestead, FL, https://www.hoamanagement.com/city/homestead-hoa-management/
Honolulu, HI, https://www.hoamanagement.com/city/honolulu/
Houston, TX, https://www.hoamanagement.com/city/houston/
Humble, TX, https://www.hoamanagement.com/city/humble-hoa-management/
Huntington Beach, CA, https://www.hoamanagement.com/city/huntington-beach-ca/
Huntington, NY, https://www.hoamanagement.com/city/huntington-ny-hoa-management/
Huntington, WV, https://www.hoamanagement.com/city/huntington-wv-hoa-management/
Huntsville, AL, https://www.hoamanagement.com/city/huntsville-al/
Hurst, TX, https://www.hoamanagement.com/city/hurst-hoa-management/
Idaho Falls, ID, https://www.hoamanagement.com/city/idaho-falls-hoa-management/
Independence, MS, https://www.hoamanagement.com/city/independence-ms/
Indian Trail, NC, https://www.hoamanagement.com/city/indian-trail-hoa-management/
Indianapolis, IN, https://www.hoamanagement.com/city/indianapolis/
Indio, CA, https://www.hoamanagement.com/city/indio-hoa-management/
Inglewood, CA, https://www.hoamanagement.com/city/inglewood/
Iowa City, IA, https://www.hoamanagement.com/city/iowa-city-hoa-management/
Irvine, CA, https://www.hoamanagement.com/city/irvine/
Irving, TX, https://www.hoamanagement.com/city/irving/
Jackson, ID, https://www.hoamanagement.com/city/jackson-wy/
Jackson, MS, https://www.hoamanagement.com/city/jackson/
Jackson, TN, https://www.hoamanagement.com/city/jackson-hoa-management/
Jacksonville, FL, https://www.hoamanagement.com/city/jacksonville/
Jacksonville, NC, https://www.hoamanagement.com/city/jacksonville-nc-hoa-management/
Janesville, WI, https://www.hoamanagement.com/city/janesville-hoa-management/
Jefferson City, MO, https://www.hoamanagement.com/city/jefferson-city-hoa-management/
Jersey City, NJ, https://www.hoamanagement.com/city/jersey-city/
Johnson City, TN, https://www.hoamanagement.com/city/johnson-city-hoa-management/
Johnstown, PA, https://www.hoamanagement.com/city/johnstown-hoa-management/
Joliet, IL, https://www.hoamanagement.com/city/joliet-il/
Jonesboro, AR, https://www.hoamanagement.com/city/jonesboro-hoa-management/
Jupiter, FL, https://www.hoamanagement.com/city/jupiter-hoa-management/
Jurupa Valley, CA, https://www.hoamanagement.com/city/jurupa-valley/
Kailua Kona, HI, https://www.hoamanagement.com/city/kailua-kona-hoa-management/
Kalamazoo City, MI, https://www.hoamanagement.com/city/kalamazoo-city-hoa-management/
Kansas City, MO, https://www.hoamanagement.com/city/kansas-city/
Kapaa, HI, https://www.hoamanagement.com/city/kapaa-hoa-management/
Katy, TX, https://www.hoamanagement.com/city/katy-hoa-management/
Kennesaw, GA, https://www.hoamanagement.com/city/kennesaw-hoa-management/
Kennewick, WA, https://www.hoamanagement.com/city/kennewick-hoa-management/
Kenosha, WI, https://www.hoamanagement.com/city/kenosha/
Kent, WA, https://www.hoamanagement.com/city/kent-wa/
Kihei, HI, https://www.hoamanagement.com/city/kihei-hoa-management/
Killeen, TX, https://www.hoamanagement.com/city/killeen/
King of Prussia, PA, https://www.hoamanagement.com/city/king-of-prussia-hoa-management/
Kingsport, TN, https://www.hoamanagement.com/city/kingsport-hoa-management/
Kirkland, WA, https://www.hoamanagement.com/city/kirkland-hoa-management/
Kissimmee, FL, https://www.hoamanagement.com/city/kissimmee-hoa-management/
Knoxville, TN, https://www.hoamanagement.com/city/knoxville/
La Crosse, WI, https://www.hoamanagement.com/city/la-crosse-hoa-management/
La Mesa, CA, https://www.hoamanagement.com/city/la-mesa-hoa-management/
Lacey, WA, https://www.hoamanagement.com/city/lacey-hoa-management/
Ladera Ranch, CA, https://www.hoamanagement.com/city/ladera-ranch-hoa-management/
Lafayette, IN, https://www.hoamanagement.com/city/lafayette-hoa-management/
Lafayette, LA, https://www.hoamanagement.com/city/lafayette-la/
Laguna Beach, CA, https://www.hoamanagement.com/city/laguna-beach-hoa-management/
Laguna Hills, CA, https://www.hoamanagement.com/city/laguna-hills-hoa-management/
Laguna Niguel, CA, https://www.hoamanagement.com/city/laguna-niguel-hoa-management/
Lake Bluff, IL, https://www.hoamanagement.com/city/lake-bluff-hoa-management/
Lake Charles, LA, https://www.hoamanagement.com/city/lake-charles-hoa-management/
Lake Geneva, WI, https://www.hoamanagement.com/city/lake-geneva/
Lake Havasu City, AZ, https://www.hoamanagement.com/city/lake-havasu-city-hoa-management/
Lakeland, FL, https://www.hoamanagement.com/city/lakeland/
Lakewood Ranch, FL, https://www.hoamanagement.com/city/lakewood-ranch-hoa-management/
Lakewood, CO, https://www.hoamanagement.com/city/lakewood/
Lakewood, NJ, https://www.hoamanagement.com/city/lakewood-nj/
Lakewood, WA, https://www.hoamanagement.com/city/lakewood-hoa-management/
Lancaster, CA, https://www.hoamanagement.com/city/lancaster/
Lancaster, PA, https://www.hoamanagement.com/city/lancaster-hoa-management/
Langhorne, PA, https://www.hoamanagement.com/city/langhorne-hoa-management/
Lanham, MD, https://www.hoamanagement.com/city/lanham-hoa-management/
Lansing, MI, https://www.hoamanagement.com/city/lansing/
Laramie, WY, https://www.hoamanagement.com/city/laramie-hoa-management/
Laredo, TX, https://www.hoamanagement.com/city/laredo/
Largo, MD, https://www.hoamanagement.com/city/largo-hoa-management/
Las Cruces, NM, https://www.hoamanagement.com/city/las-cruces/
Las Vegas, NV, https://www.hoamanagement.com/city/las-vegas/
Laurel, MD, https://www.hoamanagement.com/city/laurel-hoa-management/
Lawrence, MA, https://www.hoamanagement.com/city/lawrence-hoa-management/
Lawrenceville, GA, https://www.hoamanagement.com/city/lawrenceville-ga-hoa-management/
Lawrenceville, NJ, https://www.hoamanagement.com/city/lawrenceville-nj-hoa-management/
Lawton, OK, https://www.hoamanagement.com/city/lawton-hoa-management/
Layton, UT, https://www.hoamanagement.com/city/layton-hoa-management/
League City, TX, https://www.hoamanagement.com/city/league-city/
Leander, TX, https://www.hoamanagement.com/city/leander-hoa-management/
Lebanon, OH, https://www.hoamanagement.com/city/lebanon-hoa-management/
Leesburg, VA, https://www.hoamanagement.com/city/leesburg-hoa-management/
Lehi, UT, https://www.hoamanagement.com/city/lehi-hoa-management/
Lewes, DE, https://www.hoamanagement.com/city/lewes-hoa-management/
Lewisville, TX, https://www.hoamanagement.com/city/lewisville/
Lexington, KY, https://www.hoamanagement.com/city/lexington/
Lincoln, NE, https://www.hoamanagement.com/city/lincoln/
Linthicum Heights, MD, https://www.hoamanagement.com/city/linthicum-heights-hoa-management/
Little Elm, TX, https://www.hoamanagement.com/city/little-elm-hoa-management/
Little Rock, AR, https://www.hoamanagement.com/city/little-rock/
Littleton, CO, https://www.hoamanagement.com/city/littleton-hoa-management/
Logan, UT, https://www.hoamanagement.com/city/logan-hoa-management/
Long Beach, CA, https://www.hoamanagement.com/city/long-beach/
Long Branch, NJ, https://www.hoamanagement.com/city/long-branch/
Lorain, OH, https://www.hoamanagement.com/city/lorain-hoa-management/
Los Angeles, CA, https://www.hoamanagement.com/city/los-angeles/
Los Gatos, CA, https://www.hoamanagement.com/city/los-gatos-hoa-management/
Los Lunas, NM, https://www.hoamanagement.com/city/los-lunas-hoa-management/
Louisville, KY, https://www.hoamanagement.com/city/louisville/
Loveland, CO, https://www.hoamanagement.com/city/loveland-hoa-management/
Lowell, MA, https://www.hoamanagement.com/city/lowell/
Lubbock, TX, https://www.hoamanagement.com/city/lubbock/
Lynchburg, VA, https://www.hoamanagement.com/city/lynchburg-hoa-management/
Lynn, MA, https://www.hoamanagement.com/city/lynn-hoa-management/
Macon, GA, https://www.hoamanagement.com/city/macon/
Madison, WI, https://www.hoamanagement.com/city/madison/
Mahwah, NJ, https://www.hoamanagement.com/city/mahwah-hoa-management/
Maitland, FL, https://www.hoamanagement.com/city/maitland-hoa-management/
Malvern, PA, https://www.hoamanagement.com/city/malvern-hoa-management/
Manchester, NH, https://www.hoamanagement.com/city/manchester/
Manhattan, KS, https://www.hoamanagement.com/city/manhattan-hoa-management/
Mankato, MN, https://www.hoamanagement.com/city/mankato-hoa-management/
Maple Grove, MN, https://www.hoamanagement.com/city/maple-grove-hoa-management/
Marana, AZ, https://www.hoamanagement.com/city/marana-hoa-management/
Margate, NJ, https://www.hoamanagement.com/city/margate-hoa-management/
Maricopa, AZ, https://www.hoamanagement.com/city/maricopa-hoa-management/
Marietta, GA, https://www.hoamanagement.com/city/marietta-hoa-management/
Marysville, WA, https://www.hoamanagement.com/city/marysville-hoa-management/
Mason, IA, https://www.hoamanagement.com/city/mason-hoa-management/
McAllen, TX, https://www.hoamanagement.com/city/mcallen/
McKinney, TX, https://www.hoamanagement.com/city/mckinney/
Medford, OR, https://www.hoamanagement.com/city/medford-hoa-management/
Melbourne, FL, https://www.hoamanagement.com/city/melbourne-hoa-management/
Memphis, TN, https://www.hoamanagement.com/city/memphis/
Meridian, ID, https://www.hoamanagement.com/city/meridian/
Merrimack, NH, https://www.hoamanagement.com/city/merrimack-hoa-management/
Mesa, AZ, https://www.hoamanagement.com/city/mesa/
Mesquite, TX, https://www.hoamanagement.com/city/mesquite/
Miami Beach, FL, https://www.hoamanagement.com/city/miami-beach-hoa-management/
Miami Gardens, FL, https://www.hoamanagement.com/city/miami-gardens/
Miami Lakes, FL, https://www.hoamanagement.com/city/miami-lakes-hoa-management/
Miami, FL, https://www.hoamanagement.com/city/miami/
Middletown, CT, https://www.hoamanagement.com/city/middletown-hoa-management/
Midland, MI, https://www.hoamanagement.com/city/midland-hoa-management/
Midland, TX, https://www.hoamanagement.com/city/midland/
Milwaukee, WI, https://www.hoamanagement.com/city/milwaukee/
Minden, LA, https://www.hoamanagement.com/city/minden-hoa-management/
Minneapolis, MN, https://www.hoamanagement.com/city/minneapolis/
Minot, ND, https://www.hoamanagement.com/city/minot-hoa-management/
Miramar, FL, https://www.hoamanagement.com/city/miramar/
Mission Viejo, CA, https://www.hoamanagement.com/city/mission-viejo-hoa-management/
Missoula, MT, https://www.hoamanagement.com/city/missoula-hoa-management/
Mobile, AL, https://www.hoamanagement.com/city/mobile/
Modesto, CA, https://www.hoamanagement.com/city/modesto-ca/
Moncks Corner, SC, https://www.hoamanagement.com/city/moncks-corner-hoa-management/
Monee, IL, https://www.hoamanagement.com/city/monee-hoa-management/
Monroe, LA, https://www.hoamanagement.com/city/monroe-hoa-management/
Montgomery, AL, https://www.hoamanagement.com/city/montgomery/
Monument, CO, https://www.hoamanagement.com/city/monument-hoa-management/
Mooresville, NC, https://www.hoamanagement.com/city/mooresville-hoa-management/
Moreno Valley, CA, https://www.hoamanagement.com/city/moreno-valley-ca/
Morgantown, WV, https://www.hoamanagement.com/city/morgantown-hoa-management/
Mount Laurel, NJ, https://www.hoamanagement.com/city/mount-laurel-hoa-management/
Mount Pleasant, SC, https://www.hoamanagement.com/city/mount-pleasant-hoa-management/
Muncie, IN, https://www.hoamanagement.com/city/muncie-hoa-management/
Murfreesboro, TN, https://www.hoamanagement.com/city/murfreesboro/
Murrieta, CA, https://www.hoamanagement.com/city/murrieta/
Murrieta, CA, https://www.hoamanagement.com/city/murrieta-hoa-management/
Myrtle Beach, SC, https://www.hoamanagement.com/city/myrtle-beach-hoa-management/
Naperville, IL, https://www.hoamanagement.com/city/naperville/
Naples, FL, https://www.hoamanagement.com/city/naples-hoa-management/
Nashua, NH, https://www.hoamanagement.com/city/nashua-hoa-management/
Nashville, TN, https://www.hoamanagement.com/city/nashville/
New Bedford, MA, https://www.hoamanagement.com/city/new-bedford-hoa-management/
New Braunfels, TX, https://www.hoamanagement.com/city/new-braunfels-hoa-management/
New Brighton, MN, https://www.hoamanagement.com/city/new-brighton-hoa-management/
New Haven, CT, https://www.hoamanagement.com/city/new-haven-ct/
New Orleans, LA, https://www.hoamanagement.com/city/new-orleans/
New Paltz, NY, https://www.hoamanagement.com/city/new-paltz/
New Windsor, NY, https://www.hoamanagement.com/city/new-windsor-hoa-management/
New York, NY, https://www.hoamanagement.com/city/new-york/
Newark, NJ, https://www.hoamanagement.com/city/newark/
Newport Beach, CA, https://www.hoamanagement.com/city/newport-beach-hoa-management/
Newport News, VA, https://www.hoamanagement.com/city/newport-news/
Newton, MA, https://www.hoamanagement.com/city/newton-hoa-management/
Norfolk, VA, https://www.hoamanagement.com/city/norfolk/
Norman, OK, https://www.hoamanagement.com/city/norman/
North Charleston, SC, https://www.hoamanagement.com/city/north-charleston/
North Las Vegas, NV, https://www.hoamanagement.com/city/north-las-vegas-nv/
North Richland Hills, TX, https://www.hoamanagement.com/city/north-richland-hills-hoa-management/
North Wales, PA, https://www.hoamanagement.com/city/north-wales-hoa-management/
Northbrook, IL, https://www.hoamanagement.com/city/northbrook-hoa-management/
Northfield, MN, https://www.hoamanagement.com/city/northfield-hoa-management/
Northglenn, CO, https://www.hoamanagement.com/city/northglenn-hoa-management/
Northlake, IL, https://www.hoamanagement.com/city/northlake-hoa-management/
Norwalk, CA, https://www.hoamanagement.com/city/norwalk/
Norwich, CT, https://www.hoamanagement.com/city/norwich-hoa-management/
Novato, CA, https://www.hoamanagement.com/city/novato-hoa-management/
Novi, MI, https://www.hoamanagement.com/city/novi-hoa-management/
Nutley, NJ, https://www.hoamanagement.com/city/nutley-hoa-management/
Oakland, CA, https://www.hoamanagement.com/city/oakland/
Ocala, FL, https://www.hoamanagement.com/city/ocala-hoa-management/
Ocean City, MD, https://www.hoamanagement.com/city/ocean-city-hoa-management/
Ocean Isle Beach, NC, https://www.hoamanagement.com/city/ocean-isle-beach-hoa-management/
Oceanside, CA, https://www.hoamanagement.com/city/oceanside/
Odessa, TX, https://www.hoamanagement.com/city/odessa/
Ogden, UT, https://www.hoamanagement.com/city/ogden-hoa-management/
Oklahoma City, OK, https://www.hoamanagement.com/city/oklahoma-city/
Olympia, WA, https://www.hoamanagement.com/city/olympia-hoa-management/
Omaha, NE, https://www.hoamanagement.com/city/omaha/
Ontario, CA, https://www.hoamanagement.com/city/ontario-ca/
Orange Park, FL, https://www.hoamanagement.com/city/orange-park-hoa-management/
Orange, CA, https://www.hoamanagement.com/city/orange-hoa-management/
Orlando, FL, https://www.hoamanagement.com/city/orlando/
Oshkosh, WI, https://www.hoamanagement.com/city/oshkosh-hoa-management/
Oswego, NY, https://www.hoamanagement.com/city/oswego-hoa-management/
Overland Park, KS, https://www.hoamanagement.com/city/overland-park/
Owensboro, KY, https://www.hoamanagement.com/city/owensboro-hoa-management/
Owings Mills, MD, https://www.hoamanagement.com/city/owings-mills-hoa-management/
Oxnard, CA, https://www.hoamanagement.com/city/oxnard-ca/
Pahrump, NV, https://www.hoamanagement.com/city/pahrump-hoa-management/
Palm Bay, FL, https://www.hoamanagement.com/city/palm-bay/
Palm Beach Gardens, FL, https://www.hoamanagement.com/city/palm-beach-gardens-hoa-management/
Palm Beach, FL, https://www.hoamanagement.com/city/palm-beach/
Palm Coast, FL, https://www.hoamanagement.com/city/palm-coast-hoa-management/
Palm Desert, CA, https://www.hoamanagement.com/city/palm-desert-hoa-management/
Palm Springs, CA, https://www.hoamanagement.com/city/palm-springs-hoa-management/
Palmdale, CA, https://www.hoamanagement.com/city/palmdale/
Panama City, FL, https://www.hoamanagement.com/city/panama-city-hoa-management/
Park City, UT, https://www.hoamanagement.com/city/park-city-hoa-management/
Parker, CO, https://www.hoamanagement.com/city/parker/
Parkersburg, WV, https://www.hoamanagement.com/city/parkersburg-hoa-management/
Pasadena, CA, https://www.hoamanagement.com/city/pasadena-ca/
Pasadena, TX, https://www.hoamanagement.com/city/pasadena/
Paterson, NJ, https://www.hoamanagement.com/city/paterson/
Pawtucket, RI, https://www.hoamanagement.com/city/pawtucket-hoa-management/
Peabody, MA, https://www.hoamanagement.com/city/peabody-hoa-management/
Pearland, TX, https://www.hoamanagement.com/city/pearland/
Pembroke Pines, FL, https://www.hoamanagement.com/city/pembroke-pines/
Pensacola, FL, https://www.hoamanagement.com/city/pensacola-hoa-management/
Peoria, AZ, https://www.hoamanagement.com/city/peoria/
Peoria, IL, https://www.hoamanagement.com/city/peoria-il/
Philadelphia, PA, https://www.hoamanagement.com/city/philadelphia/
Phoenix, AZ, https://www.hoamanagement.com/city/phoenix/
Pittsburgh, PA, https://www.hoamanagement.com/city/pittsburgh/
Pittsfield, MA, https://www.hoamanagement.com/city/pittsfield-hoa-management/
Plainfield, IL, https://www.hoamanagement.com/city/plainfield-hoa-management/
Plano, TX, https://www.hoamanagement.com/city/plano/
Pleasanton, CA, https://www.hoamanagement.com/city/pleasanton-hoa-management/
Pocatello, ID, https://www.hoamanagement.com/city/pocatello-hoa-management/
Pomona, CA, https://www.hoamanagement.com/city/pomona/
Pompano Beach, FL, https://www.hoamanagement.com/city/pompano-beach/
Pompano Beach, FL, https://www.hoamanagement.com/city/pompano-beach-hoa-management/
Port St. Lucie, FL, https://www.hoamanagement.com/city/port-st-lucie-fl/
Portland, ME, https://www.hoamanagement.com/city/portland-hoa-management/
Portland, OR, https://www.hoamanagement.com/city/portland/
Poughkeepsie, NY, https://www.hoamanagement.com/city/poughkeepsie-hoa-management/
Powder Springs, GA, https://www.hoamanagement.com/city/powder-springs-hoa-management/
Prescott, AZ, https://www.hoamanagement.com/city/prescott/
Princeton, NJ, https://www.hoamanagement.com/city/princeton-hoa-management/
Providence, RI, https://www.hoamanagement.com/city/providence/
Provo, UT, https://www.hoamanagement.com/city/provo/
Pueblo, CO, https://www.hoamanagement.com/city/pueblo/
Punta Gorda, FL, https://www.hoamanagement.com/city/punta-gorda-hoa-management/
Queen Creek, AZ, https://www.hoamanagement.com/city/queen-creek-hoa-management/
Quincy, MA, https://www.hoamanagement.com/city/quincy-hoa-management/
Raleigh, NC, https://www.hoamanagement.com/city/raleigh/
Ramapo, NY, https://www.hoamanagement.com/city/ramapo-hoa-management/
Rancho Cucamonga, CA, https://www.hoamanagement.com/city/rancho-cucamonga/
Rapid City, SD, https://www.hoamanagement.com/city/rapid-city-hoa-management/
Reading, PA, https://www.hoamanagement.com/city/reading-hoa-management/
Redding, CA, https://www.hoamanagement.com/city/redding-hoa-management/
Redmond, WA, https://www.hoamanagement.com/city/redmond-hoa-management/
Rehoboth Beach, DE, https://www.hoamanagement.com/city/rehoboth-beach-hoa-management/
Reno, NV, https://www.hoamanagement.com/city/reno/
Renton, WA, https://www.hoamanagement.com/city/renton/
Rialto, CA, https://www.hoamanagement.com/city/rialto/
Richardson, TX, https://www.hoamanagement.com/city/richardson-tx/
Richmond, CA, https://www.hoamanagement.com/city/richmond/
Richmond, VA, https://www.hoamanagement.com/city/richmond-va/
Ridgeland, MS, https://www.hoamanagement.com/city/ridgeland-hoa-management/
Riverside, CA, https://www.hoamanagement.com/city/riverside/
Roanoke, VA, https://www.hoamanagement.com/city/roanoke-hoa-management/
Rochester, MN, https://www.hoamanagement.com/city/rochester/
Rochester, NY, https://www.hoamanagement.com/city/rochester-ny/
Rock Hill, SC, https://www.hoamanagement.com/city/rock-hill-hoa-management/
Rockford, IL, https://www.hoamanagement.com/city/rockford/
Rockville, MD, https://www.hoamanagement.com/city/rockville-hoa-management/
Rocky Mount, NC, https://www.hoamanagement.com/city/rocky-mount-hoa-management/
Rogers, AR, https://www.hoamanagement.com/city/rogers-hoa-management/
Roseville, CA, https://www.hoamanagement.com/city/roseville/
Roswell, NM, https://www.hoamanagement.com/city/roswell-hoa-management/
Round Lake, IL, https://www.hoamanagement.com/city/round-lake-hoa-management/
Round Rock, TX, https://www.hoamanagement.com/city/round-rock-hoa-management/
Ruskin, FL, https://www.hoamanagement.com/city/ruskin-hoa-management/
Sacramento, CA, https://www.hoamanagement.com/city/sacramento/
Saddle Brook, NJ, https://www.hoamanagement.com/city/saddle-brook-hoa-management/
Saginaw, MI, https://www.hoamanagement.com/city/saginaw-hoa-management/
Salem, MA, https://www.hoamanagement.com/city/salem-hoa-management/
Salem, OR, https://www.hoamanagement.com/city/salem-or/
Salina, KS, https://www.hoamanagement.com/city/salina-hoa-management/
Salinas, CA, https://www.hoamanagement.com/city/salinas-ca/
Salt Lake City, UT, https://www.hoamanagement.com/city/salt-lake-city/
San Angelo, TX, https://www.hoamanagement.com/city/san-angelo/
San Antonio, TX, https://www.hoamanagement.com/city/san-antonio/
San Bernardino, CA, https://www.hoamanagement.com/city/san-bernardino-ca/
San Clemente, CA, https://www.hoamanagement.com/city/san-clemente-hoa-management/
San Diego, CA, https://www.hoamanagement.com/city/san-diego-hoa-management/
San Diego, CA, https://www.hoamanagement.com/city/san-diego/
San Francisco, CA, https://www.hoamanagement.com/city/san-francisco/
San Jose, CA, https://www.hoamanagement.com/city/san-jose/
San Juan Capistrano, CA, https://www.hoamanagement.com/city/san-juan-capistrano-hoa-management/
San Leandro, CA, https://www.hoamanagement.com/city/san-leandro-hoa-management/
San Marcos, CA, https://www.hoamanagement.com/city/san-marcos-ca-hoa-management/
San Marcos, TX, https://www.hoamanagement.com/city/san-marcos-tx-hoa-management/
San Mateo, CA, https://www.hoamanagement.com/city/san-mateo/
San Tan Valley, AZ, https://www.hoamanagement.com/city/san-tan-valley-hoa-management/
Sandy Springs, GA, https://www.hoamanagement.com/city/sandy-springs/
Sandy, UT, https://www.hoamanagement.com/city/sandy-hoa-management/
Santa Ana, CA, https://www.hoamanagement.com/city/santa-ana/
Santa Clara, CA, https://www.hoamanagement.com/city/santa-clara/
Santa Clarita, CA, https://www.hoamanagement.com/city/santa-clarita-ca/
Santa Fe, NM, https://www.hoamanagement.com/city/santa-fe-hoa-management/
Santa Maria, CA, https://www.hoamanagement.com/city/santa-maria/
Santa Monica, CA, https://www.hoamanagement.com/city/santa-monica-hoa-management/
Santa Rosa, CA, https://www.hoamanagement.com/city/santa-rosa-ca/
Santee, CA, https://www.hoamanagement.com/city/santee-hoa-management/
Sarasota, FL, https://www.hoamanagement.com/city/sarasota-hoa-management/
Savannah, GA, https://www.hoamanagement.com/city/savannah/
Schaumburg, IL, https://www.hoamanagement.com/city/schaumburg-hoa-management/
Scottsdale, AZ, https://www.hoamanagement.com/city/scottsdale/
Scranton, PA, https://www.hoamanagement.com/city/scranton-hoa-management/
Seattle, WA, https://www.hoamanagement.com/city/seattle/
Sedona, AZ, https://www.hoamanagement.com/city/sedona-hoa-management/
Sevierville, TN, https://www.hoamanagement.com/city/sevierville/
Shawnee, OK, https://www.hoamanagement.com/city/shawnee-hoa-management/
Sheboygan, WI, https://www.hoamanagement.com/city/sheboygan-hoa-management/
Shelby, MI, https://www.hoamanagement.com/city/shelby-hoa-management/
Sheridan, WY, https://www.hoamanagement.com/city/sheridan-hoa-management/
Sherman Oaks, CA, https://www.hoamanagement.com/city/sherman-oaks-hoa-management/
Shoreline, WA, https://www.hoamanagement.com/city/shoreline-hoa-management/
Show Low, AZ, https://www.hoamanagement.com/city/show-low-hoa-management/
Shreveport, LA, https://www.hoamanagement.com/city/shreveport/
Sierra Vista, AZ, https://www.hoamanagement.com/city/sierra-vista-hoa-management/
Signal Hill, CA, https://www.hoamanagement.com/city/signal-hill-hoa-management/
Silver Spring, MD, https://www.hoamanagement.com/city/silver-spring-hoa-management/
Simi Valley, CA, https://www.hoamanagement.com/city/simi-valley/
Simpsonville, SC, https://www.hoamanagement.com/city/simpsonville-hoa-management/
Sioux City, IA, https://www.hoamanagement.com/city/sioux-city-hoa-management/
Sioux Falls, SD, https://www.hoamanagement.com/city/sioux-falls/
South Bend, IN, https://www.hoamanagement.com/city/south-bend/
South Hill, WA, https://www.hoamanagement.com/city/south-hill-hoa-management/
Southampton, NY, https://www.hoamanagement.com/city/southampton-hoa-management/
Sparks, NV, https://www.hoamanagement.com/city/sparks/
Spokane, WA, https://www.hoamanagement.com/city/spokane-wa/
Spring Branch, TX, https://www.hoamanagement.com/city/spring-branch-hoa-management/
Spring Valley, NY, https://www.hoamanagement.com/city/spring-valley-hoa-management/
Springdale, AR, https://www.hoamanagement.com/city/springdale-hoa-management/
Springfield, IL, https://www.hoamanagement.com/city/springfield-il/
Springfield, MA, https://www.hoamanagement.com/city/springfield-ma/
Springfield, MO, https://www.hoamanagement.com/city/springfield-hoa-management/
St. Augustine, FL, https://www.hoamanagement.com/city/st-augustine-hoa-management/
St. Cloud, MN, https://www.hoamanagement.com/city/st-cloud-hoa-management/
St. George, UT, https://www.hoamanagement.com/city/st-george-hoa-management/
St. Joseph, MO, https://www.hoamanagement.com/city/st-joseph-hoa-management/
St. Louis, MO, https://www.hoamanagement.com/city/st-louis/
St. Paul, MN, https://www.hoamanagement.com/city/st-paul/
St. Petersburg, FL, https://www.hoamanagement.com/city/st-petersburg/
St. Thomas, VI, https://www.hoamanagement.com/city/st-thomas-hoa-management/
Stamford, CT, https://www.hoamanagement.com/city/stamford/
Steamboat Springs, CO, https://www.hoamanagement.com/city/steamboat-springs/
Sterling Heights, MI, https://www.hoamanagement.com/city/sterling-heights/
Stillwater, OK, https://www.hoamanagement.com/city/stillwater-hoa-management/
Stockton, CA, https://www.hoamanagement.com/city/stockton-hoa-management/
Stratham, NH, https://www.hoamanagement.com/city/stratham-hoa-management/
Suffolk, VA, https://www.hoamanagement.com/city/suffolk-hoa-management/
Sumter, SC, https://www.hoamanagement.com/city/sumter-hoa-management/
Sun Lakes, AZ, https://www.hoamanagement.com/city/sun-lakes-hoa-management/
Sunnyvale, CA, https://www.hoamanagement.com/city/sunnyvale/
Surprise, AZ, https://www.hoamanagement.com/city/surprise/
Syracuse, NY, https://www.hoamanagement.com/city/syracuse/
Tacoma, WA, https://www.hoamanagement.com/city/tacoma-wa/
Tallahassee, FL, https://www.hoamanagement.com/city/tallahassee/
Tampa, FL, https://www.hoamanagement.com/city/tampa/
Tarzana, CA, https://www.hoamanagement.com/city/tarzana-hoa-management/
Taunton, MA, https://www.hoamanagement.com/city/taunton-hoa-management/
Telluride, CO, https://www.hoamanagement.com/city/telluride/
Temecula, CA, https://www.hoamanagement.com/city/temecula-hoa-management/
Temecula, CA, https://www.hoamanagement.com/city/temecula/
Tempe, AZ, https://www.hoamanagement.com/city/tempe/
Terre Haute, IN, https://www.hoamanagement.com/city/terre-haute-hoa-management/
Texas City, TX, https://www.hoamanagement.com/city/texas-city-hoa-management/
The Woodlands, TX, https://www.hoamanagement.com/city/the-woodlands-hoa-management/
Thornton, CO, https://www.hoamanagement.com/city/thornton/
Thousand Oaks, CA, https://www.hoamanagement.com/city/thousand-oaks-ca/
Titusville, FL, https://www.hoamanagement.com/city/titusville-hoa-management/
Toledo, OH, https://www.hoamanagement.com/city/toledo/
Topeka, KS, https://www.hoamanagement.com/city/topeka/
Torrance, CA, https://www.hoamanagement.com/city/torrance/
Traverse City, MI, https://www.hoamanagement.com/city/traverse-city/
Treasure Island, CA, https://www.hoamanagement.com/city/treasure-island-hoa-management/
Trenton, NJ, https://www.hoamanagement.com/city/trenton-hoa-management/
Troy, MI, https://www.hoamanagement.com/city/troy-hoa-management/
Truckee, CA, https://www.hoamanagement.com/city/truckee/
Tucson, AZ, https://www.hoamanagement.com/city/tucson/
Tulsa, OK, https://www.hoamanagement.com/city/tulsa/
Tuscaloosa, AL, https://www.hoamanagement.com/city/tuscaloosa/
Tustin, CA, https://www.hoamanagement.com/city/tustin-hoa-management/
Tyler, TX, https://www.hoamanagement.com/city/tyler/
Union City, NJ, https://www.hoamanagement.com/city/union-city-hoa-management/
Upper Marlboro, MD, https://www.hoamanagement.com/city/upper-marlboro-hoa-management/
Utica, NY, https://www.hoamanagement.com/city/utica-hoa-management/
Vacaville, CA, https://www.hoamanagement.com/city/vacaville/
Vail, CO, https://www.hoamanagement.com/city/vail/
Valdosta, GA, https://www.hoamanagement.com/city/valdosta-hoa-management/
Vallejo, CA, https://www.hoamanagement.com/city/vallejo/
Vancouver, WA, https://www.hoamanagement.com/city/vancouver/
Ventura, CA, https://www.hoamanagement.com/city/ventura/
Vero Beach, FL, https://www.hoamanagement.com/city/vero-beach-hoa-management/
Victoria, TX, https://www.hoamanagement.com/city/victoria-hoa-management/
Victorville, CA, https://www.hoamanagement.com/city/victorville/
Vienna, VA, https://www.hoamanagement.com/city/vienna-hoa-management/
Vineland, NJ, https://www.hoamanagement.com/city/vineland-hoa-management/
Virginia Beach, VA, https://www.hoamanagement.com/city/virginia-beach/
Visalia, CA, https://www.hoamanagement.com/city/visalia/
Vista, CA, https://www.hoamanagement.com/city/vista/
Voorhees, NJ, https://www.hoamanagement.com/city/voorhees-hoa-management/
Waco,TX, https://www.hoamanagement.com/city/waco/
Waldorf, MD, https://www.hoamanagement.com/city/waldorf-hoa-management/
Walnut Creek, CA, https://www.hoamanagement.com/city/walnut-creek/
Warren, MI, https://www.hoamanagement.com/city/warren/
Warwick, RI, https://www.hoamanagement.com/city/warwick-hoa-management/
Washington DC, WA, https://www.hoamanagement.com/city/washington-dc/
Waterbury, CT, https://www.hoamanagement.com/city/waterbury/
Waterford, MI, https://www.hoamanagement.com/city/waterford-hoa-management/
Waterloo, IA, https://www.hoamanagement.com/city/waterloo-hoa-management/
Waukegan, IL, https://www.hoamanagement.com/city/waukegan-hoa-management/
West Chester, PA, https://www.hoamanagement.com/city/west-chester-hoa-management/
West Covina, CA, https://www.hoamanagement.com/city/west-covina/
West Jordan, UT, https://www.hoamanagement.com/city/west-jordan/
West Palm Beach, FL, https://www.hoamanagement.com/city/west-palm-beach/
West Valley City, UT, https://www.hoamanagement.com/city/west-valley-city/
Westerville, OH, https://www.hoamanagement.com/city/westerville-hoa-management/
Westlake Village, CA, https://www.hoamanagement.com/city/westlake-village-hoa-management/
Westminster, CO, https://www.hoamanagement.com/city/westminster/
Westwood, CA, https://www.hoamanagement.com/city/westwood-hoa-management/
White Plains, NY, https://www.hoamanagement.com/city/white-plains-hoa-management/
White River Junction, VT, https://www.hoamanagement.com/city/white-river-junction-hoa-management/
Wichita Falls, TX, https://www.hoamanagement.com/city/wichita-falls/
Wichita, KS, https://www.hoamanagement.com/city/wichita/
Williamsburg, VA, https://www.hoamanagement.com/city/williamsburg-hoa-management/
Wilmington, DE, https://www.hoamanagement.com/city/wilmington/
Wilmington, NC, https://www.hoamanagement.com/city/wilmington-hoa-management/
Winston-Salem, NC, https://www.hoamanagement.com/city/winston-salem-nc/
Woodbridge, NJ, https://www.hoamanagement.com/city/woodbridge/
Woodbridge, VA, https://www.hoamanagement.com/city/woodbridge-hoa-management/
Woodbury, MN, https://www.hoamanagement.com/city/woodbury-mn-hoa-management/
Woodbury, NY, https://www.hoamanagement.com/city/woodbury-ny-hoa-management/
Woonsocket, RI, https://www.hoamanagement.com/city/woonsocket-hoa-management/
Worcester, MA, https://www.hoamanagement.com/city/worcester-hoa-management/
Yakima, WA, https://www.hoamanagement.com/city/yakima-hoa-management/
Yonkers, NY, https://www.hoamanagement.com/city/yonkers-ny/
York, PA, https://www.hoamanagement.com/city/york-hoa-management/
Youngstown, OH, https://www.hoamanagement.com/city/youngstown-hoa-management/
Yuba City, CA, https://www.hoamanagement.com/city/yuba-city-hoa-management/
Yuma, AZ, https://www.hoamanagement.com/city/yuma-hoa-management/
Zephyr Cove, NV, https://www.hoamanagement.com/city/zephyr-cove-hoa-management/
